id,name,email,phone,address
0,Lynn Schmidt,lynnschmidt@bezal.com,+1 (960) 404-2965,998 Gunnison Court, Romeville, Massachusetts, 5554
1,Heath Tillman,heathtillman@bezal.com,+1 (953) 444-2567,160 Truxton Street, Adamstown, Northern Mariana Islands, 5141
2,Velazquez Gilbert,velazquezgilbert@bezal.com,+1 (913) 456-2538,591 Garnet Street, Joppa, Federated States Of Micronesia, 6072
3,Molly Dillon,mollydillon@bezal.com,+1 (813) 572-3771,955 Schermerhorn Street, Gulf, Maine, 5684
4,Maryann Carpenter,maryanncarpenter@bezal.com,+1 (996) 563-2230,590 Pooles Lane, Inkerman, Arkansas, 1896
5,Sofia Blair,sofiablair@bezal.com,+1 (874) 585-2660,959 Bulwer Place, Cavalero, Ohio, 8127
6,Mccormick Sharp,mccormicksharp@bezal.com,+1 (840) 515-2284,355 Vernon Avenue, Hebron, Arizona, 564
7,Duran Knight,duranknight@bezal.com,+1 (971) 416-3708,603 Box Street, Taycheedah, New York, 4671
8,Lizzie Burke,lizzieburke@bezal.com,+1 (922) 426-3888,524 Everit Street, Yonah, New Mexico, 5711
9,Barbra Buckley,barbrabuckley@bezal.com,+1 (886) 409-2325,227 Campus Place, Singer, North Carolina, 3600